timestamp,asset_id,tempF,pressurePSI,vibrationMM,failure_flag
2025-12-14T09:46:50.690Z,PUMP-204,155.1,104.1,1.44,0
2025-12-14T09:47:50.690Z,PUMP-204,168.8,129.2,1.1,0
2025-12-14T09:48:50.690Z,PUMP-204,186.9,111.4,1.54,0
2025-12-14T09:49:50.690Z,PUMP-204,170.3,125,2.03,0
2025-12-14T09:50:50.690Z,PUMP-204,177.6,99.4,1.96,0
2025-12-14T09:51:50.690Z,PUMP-204,192.1,119.3,1.95,0
2025-12-14T09:52:50.690Z,PUMP-204,171.1,115.6,2.04,0
2025-12-14T09:53:50.690Z,PUMP-204,156.9,119.8,1.75,0
2025-12-14T09:54:50.690Z,PUMP-204,156.6,96.1,1.67,0
2025-12-14T09:55:50.690Z,PUMP-204,172.3,97.6,1.09,0
2025-12-14T09:56:50.690Z,PUMP-204,163.9,115.8,1.37,0
2025-12-14T09:57:50.690Z,PUMP-204,164.8,106.3,1.96,0
2025-12-14T09:58:50.690Z,PUMP-204,184.4,102.1,1.22,0
2025-12-14T09:59:50.690Z,PUMP-204,163.9,103.3,1.01,0
2025-12-14T10:00:50.690Z,PUMP-204,176.6,113.3,1.22,0
2025-12-14T10:01:50.690Z,PUMP-204,157.6,95.3,2.01,0
2025-12-14T10:02:50.690Z,PUMP-204,165.4,114.8,0.89,0
2025-12-14T10:03:50.690Z,PUMP-204,172.8,101.5,1.59,0
2025-12-14T10:04:50.690Z,PUMP-204,172.6,98.8,1.72,0
2025-12-14T10:05:50.690Z,PUMP-204,172.5,95.4,1.79,0
2025-12-14T10:06:50.690Z,PUMP-204,170.6,101.4,1.36,0
2025-12-14T10:07:50.690Z,PUMP-204,159,110.8,1.9,0
2025-12-14T10:08:50.690Z,PUMP-204,168.8,120.2,0.98,0
2025-12-14T10:09:50.690Z,PUMP-204,175.1,103.6,1.61,0
2025-12-14T10:10:50.690Z,PUMP-204,161.9,113.5,1.39,0
2025-12-14T10:11:50.690Z,PUMP-204,165.7,114.3,1.76,0
2025-12-14T10:12:50.690Z,PUMP-204,171.9,114.9,1.61,0
2025-12-14T10:13:50.690Z,PUMP-204,162.5,107.8,1.27,0
2025-12-14T10:14:50.690Z,PUMP-204,169.5,114,1.54,0
2025-12-14T10:15:50.690Z,PUMP-204,178,106.4,1.67,0
2025-12-14T10:16:50.690Z,PUMP-204,171,116.7,0.69,0
2025-12-14T10:17:50.690Z,PUMP-204,168.8,115.6,1.65,0
2025-12-14T10:18:50.690Z,PUMP-204,168.2,114.8,1.38,0
2025-12-14T10:19:50.690Z,PUMP-204,180.6,123.9,1.86,0
2025-12-14T10:20:50.690Z,PUMP-204,156.8,125.1,1.71,0
2025-12-14T10:21:50.690Z,PUMP-204,175.3,123.4,1.86,0
2025-12-14T10:22:50.690Z,PUMP-204,171.9,118.6,1.83,0
2025-12-14T10:23:50.690Z,PUMP-204,165.1,105.3,1.84,0
2025-12-14T10:24:50.690Z,PUMP-204,157.2,119,1.24,0
2025-12-14T10:25:50.690Z,PUMP-204,150.3,102.5,1.64,0
2025-12-14T10:26:50.690Z,PUMP-204,174,117.7,1.58,0
2025-12-14T10:27:50.690Z,PUMP-204,165,107.8,1.93,0
2025-12-14T10:28:50.690Z,PUMP-204,187.4,102.5,1.65,0
2025-12-14T10:29:50.690Z,PUMP-204,179.5,98.9,1.73,0
2025-12-14T10:30:50.690Z,PUMP-204,166.8,113.9,2.66,0
2025-12-14T10:31:50.690Z,PUMP-204,167.3,119.4,1.99,0
2025-12-14T10:32:50.690Z,PUMP-204,172.1,114.7,1.3,0
2025-12-14T10:33:50.690Z,PUMP-204,177.1,103.7,1.98,0
2025-12-14T10:34:50.690Z,PUMP-204,164.1,113.8,0.79,0
2025-12-14T10:35:50.690Z,PUMP-204,164.9,115.7,1.28,0
2025-12-14T10:36:50.690Z,PUMP-204,179.3,101.7,1.01,0
2025-12-14T10:37:50.690Z,PUMP-204,166,113.4,1.66,0
2025-12-14T10:38:50.690Z,PUMP-204,189.9,109.3,1.59,0
2025-12-14T10:39:50.690Z,PUMP-204,152.2,105.3,1.12,0
2025-12-14T10:40:50.690Z,PUMP-204,172.1,116.5,1.69,0
2025-12-14T10:41:50.690Z,PUMP-204,181.3,105.5,1.75,0
2025-12-14T10:42:50.690Z,PUMP-204,168.9,110.5,1.37,0
2025-12-14T10:43:50.690Z,PUMP-204,160.8,111.3,1.88,0
2025-12-14T10:44:50.690Z,PUMP-204,146.7,101.6,1.65,0
2025-12-14T10:45:50.690Z,PUMP-204,191.9,110.2,1.49,0
2025-12-14T10:46:50.690Z,PUMP-204,161.8,114.9,1.71,0
2025-12-14T10:47:50.690Z,PUMP-204,165.3,110.6,1.85,0
2025-12-14T10:48:50.690Z,PUMP-204,176.1,103.1,0.98,0
2025-12-14T10:49:50.690Z,PUMP-204,164.8,111.4,2.27,0
2025-12-14T10:50:50.690Z,PUMP-204,178.3,123.7,1.06,0
2025-12-14T10:51:50.690Z,PUMP-204,168.7,103.6,1.78,0
2025-12-14T10:52:50.690Z,PUMP-204,165.8,114.8,1.31,0
2025-12-14T10:53:50.690Z,PUMP-204,154.4,117.2,1.22,0
2025-12-14T10:54:50.690Z,PUMP-204,180.4,116.7,1.87,0
2025-12-14T10:55:50.690Z,PUMP-204,154.3,124.3,1.47,0
2025-12-14T10:56:50.690Z,PUMP-204,171.1,122.1,1.35,0
2025-12-14T10:57:50.690Z,PUMP-204,180.6,112.2,1.2,0
2025-12-14T10:58:50.690Z,PUMP-204,176.6,111,1.55,0
2025-12-14T10:59:50.690Z,PUMP-204,169.1,121,1.94,0
2025-12-14T11:00:50.690Z,PUMP-204,165.1,115.4,2.06,0
2025-12-14T11:01:50.690Z,PUMP-204,148.7,97.2,1.32,0
2025-12-14T11:02:50.690Z,PUMP-204,173.2,120.5,1.79,0
2025-12-14T11:03:50.690Z,PUMP-204,162.4,108.5,1.29,0
2025-12-14T11:04:50.690Z,PUMP-204,180.2,105.7,1.54,0
2025-12-14T11:05:50.690Z,PUMP-204,181.8,118.4,1.84,0
2025-12-14T11:06:50.690Z,PUMP-204,169,98.8,1.56,0
2025-12-14T11:07:50.690Z,PUMP-204,175.1,100.3,1.83,0
2025-12-14T11:08:50.690Z,PUMP-204,170,110.1,0.6,0
2025-12-14T11:09:50.690Z,PUMP-204,171.9,107.6,1.31,0
2025-12-14T11:10:50.690Z,PUMP-204,180.3,125.4,1,0
2025-12-14T11:11:50.690Z,PUMP-204,161.3,116.7,1.27,0
2025-12-14T11:12:50.690Z,PUMP-204,174.3,111.7,1.55,0
2025-12-14T11:13:50.690Z,PUMP-204,157.2,108,2.27,0
2025-12-14T11:14:50.690Z,PUMP-204,155.7,100.2,1.76,0
2025-12-14T11:15:50.690Z,PUMP-204,179.9,114.4,0.94,0
2025-12-14T11:16:50.690Z,PUMP-204,168.3,103.8,1.23,0
2025-12-14T11:17:50.690Z,PUMP-204,188.6,105.8,2.11,0
2025-12-14T11:18:50.690Z,PUMP-204,175.9,101.4,1.43,0
2025-12-14T11:19:50.690Z,PUMP-204,159.3,117.1,1.45,0
2025-12-14T11:20:50.690Z,PUMP-204,170.2,92.3,1.18,0
2025-12-14T11:21:50.690Z,PUMP-204,160.5,102.1,2.05,0
2025-12-14T11:22:50.690Z,PUMP-204,163.3,117.4,1.56,0
2025-12-14T11:23:50.690Z,PUMP-204,165.9,122.7,0.95,0
2025-12-14T11:24:50.690Z,PUMP-204,181.2,114,1.18,0
2025-12-14T11:25:50.690Z,PUMP-204,175.7,100.1,1.23,0
2025-12-14T11:26:50.690Z,PUMP-204,162.7,120.5,0.99,0
2025-12-14T11:27:50.690Z,PUMP-204,163,103.9,0.77,0
2025-12-14T11:28:50.690Z,PUMP-204,174,110.3,1.47,0
2025-12-14T11:29:50.690Z,PUMP-204,164.9,105.7,2.24,0
2025-12-14T11:30:50.690Z,PUMP-204,171,121.8,0.83,0
2025-12-14T11:31:50.690Z,PUMP-204,158.1,103.9,1.53,0
2025-12-14T11:32:50.690Z,PUMP-204,179.2,110.2,2.31,0
2025-12-14T11:33:50.690Z,PUMP-204,168.7,109.7,1.49,0
2025-12-14T11:34:50.690Z,PUMP-204,185.1,95.2,1.87,0
2025-12-14T11:35:50.690Z,PUMP-204,172.9,109.1,1.4,0
2025-12-14T11:36:50.690Z,PUMP-204,170.5,122.4,1.2,0
2025-12-14T11:37:50.690Z,PUMP-204,183.4,97.9,1.18,0
2025-12-14T11:38:50.690Z,PUMP-204,193.5,103,1.95,0
2025-12-14T11:39:50.690Z,PUMP-204,165.9,130,1.76,0
2025-12-14T11:40:50.690Z,PUMP-204,173.8,112.9,1.63,0
2025-12-14T11:41:50.690Z,PUMP-204,172.7,109.7,0.88,0
2025-12-14T11:42:50.690Z,PUMP-204,184.6,110.3,1.07,0
2025-12-14T11:43:50.690Z,PUMP-204,188.7,130.8,1.61,0
2025-12-14T11:44:50.690Z,PUMP-204,170.1,107.1,1.52,0
2025-12-14T11:45:50.690Z,PUMP-204,151.5,110.1,2.38,0
2025-12-14T11:46:50.690Z,PUMP-204,169.3,99.4,1.7,0
2025-12-14T11:47:50.690Z,PUMP-204,191,108.9,1.91,0
2025-12-14T11:48:50.690Z,PUMP-204,154.5,111.7,1.27,0
2025-12-14T11:49:50.690Z,PUMP-204,169,118.1,1.24,0
2025-12-14T11:50:50.690Z,PUMP-204,165.1,108.1,1.04,0
2025-12-14T11:51:50.690Z,PUMP-204,177,105.9,0.95,0
2025-12-14T11:52:50.690Z,PUMP-204,155.2,132.9,1.39,0
2025-12-14T11:53:50.690Z,PUMP-204,159.8,109.8,0.76,0
2025-12-14T11:54:50.690Z,PUMP-204,175.3,108.8,1.4,0
2025-12-14T11:55:50.690Z,PUMP-204,171.3,118.3,1.36,0
2025-12-14T11:56:50.690Z,PUMP-204,174.4,111.8,1.83,0
2025-12-14T11:57:50.690Z,PUMP-204,190,105.1,0.69,0
2025-12-14T11:58:50.690Z,PUMP-204,161,124.3,1.32,0
2025-12-14T11:59:50.690Z,PUMP-204,165.1,116.6,2.27,0
2025-12-14T12:00:50.690Z,PUMP-204,173.8,102,1.44,0
2025-12-14T12:01:50.690Z,PUMP-204,163.5,104.5,1.49,0
2025-12-14T12:02:50.690Z,PUMP-204,149.3,105.3,1.47,0
2025-12-14T12:03:50.690Z,PUMP-204,176.5,100.7,0.97,0
2025-12-14T12:04:50.690Z,PUMP-204,161.4,104.7,1.19,0
2025-12-14T12:05:50.690Z,PUMP-204,169.2,108.4,1.59,0
2025-12-14T12:06:50.690Z,PUMP-204,165.9,102.7,1.69,0
2025-12-14T12:07:50.690Z,PUMP-204,178.2,110.8,1.4,0
2025-12-14T12:08:50.690Z,PUMP-204,169.2,131.5,0.4,0
2025-12-14T12:09:50.690Z,PUMP-204,158.6,112.6,1.65,0
2025-12-14T12:10:50.690Z,PUMP-204,169.4,110,2.16,0
2025-12-14T12:11:50.690Z,PUMP-204,186.2,112.2,1.24,0
2025-12-14T12:12:50.690Z,PUMP-204,169.3,104.6,1.42,0
2025-12-14T12:13:50.690Z,PUMP-204,177.9,108,1.65,0
2025-12-14T12:14:50.690Z,PUMP-204,170.7,95.7,1.61,0
2025-12-14T12:15:50.690Z,PUMP-204,171.8,110.7,1.53,0
2025-12-14T12:16:50.690Z,PUMP-204,168.3,111,1.33,0
2025-12-14T12:17:50.690Z,PUMP-204,178.5,109.8,1.76,0
2025-12-14T12:18:50.690Z,PUMP-204,157.8,124.1,1.64,0
2025-12-14T12:19:50.690Z,PUMP-204,155.5,117.7,0.93,0
2025-12-14T12:20:50.690Z,PUMP-204,181.7,112.8,1.4,0
2025-12-14T12:21:50.690Z,PUMP-204,177.7,100.7,1.51,0
2025-12-14T12:22:50.690Z,PUMP-204,156.6,123.2,1.28,0
2025-12-14T12:23:50.690Z,PUMP-204,163.1,121,1.79,0
2025-12-14T12:24:50.690Z,PUMP-204,175.9,110.1,1.48,0
2025-12-14T12:25:50.690Z,PUMP-204,175.7,112,0.75,0
2025-12-14T12:26:50.690Z,PUMP-204,184.2,116.9,1.57,0
2025-12-14T12:27:50.690Z,PUMP-204,162.3,111.6,1.51,0
2025-12-14T12:28:50.690Z,PUMP-204,167.2,106.1,1.86,0
2025-12-14T12:29:50.690Z,PUMP-204,156.7,123.9,1.46,0
2025-12-14T12:30:50.690Z,PUMP-204,147.6,124.1,1.18,0
2025-12-14T12:31:50.690Z,PUMP-204,181.2,113.3,1.07,0
2025-12-14T12:32:50.690Z,PUMP-204,151.7,106.3,1.76,0
2025-12-14T12:33:50.690Z,PUMP-204,192.5,127.7,1.76,0
2025-12-14T12:34:50.690Z,PUMP-204,197.9,106,1.3,0
2025-12-14T12:35:50.690Z,PUMP-204,160.3,98.6,1.52,0
2025-12-14T12:36:50.690Z,PUMP-204,169.8,106.9,1.51,0
2025-12-14T12:37:50.690Z,PUMP-204,184.5,105.7,1.04,0
2025-12-14T12:38:50.690Z,PUMP-204,180.5,108.1,1.39,0
2025-12-14T12:39:50.690Z,PUMP-204,174.6,105,1.39,0
2025-12-14T12:40:50.690Z,PUMP-204,161.2,117.5,2.13,0
2025-12-14T12:41:50.690Z,PUMP-204,171.7,110.4,1.59,0
2025-12-14T12:42:50.690Z,PUMP-204,175.1,116.2,1.76,0
2025-12-14T12:43:50.690Z,PUMP-204,181.8,105.5,1.65,0
2025-12-14T12:44:50.690Z,PUMP-204,169.3,108.5,1.42,0
2025-12-14T12:45:50.690Z,PUMP-204,164.2,121,1.41,0
2025-12-14T12:46:50.690Z,PUMP-204,171.9,109.7,1.05,0
2025-12-14T12:47:50.690Z,PUMP-204,170.3,108.5,1.56,0
2025-12-14T12:48:50.690Z,PUMP-204,177.7,110.5,1.93,0
2025-12-14T12:49:50.690Z,PUMP-204,174.4,110.6,1.77,0
2025-12-14T12:50:50.690Z,PUMP-204,171.2,109.2,1.42,0
2025-12-14T12:51:50.690Z,PUMP-204,175,114.8,1.11,0
2025-12-14T12:52:50.690Z,PUMP-204,184.2,106.6,1.41,0
2025-12-14T12:53:50.690Z,PUMP-204,166,120.8,1.22,0
2025-12-14T12:54:50.690Z,PUMP-204,173.5,120.5,1.44,0
2025-12-14T12:55:50.690Z,PUMP-204,161.1,101.3,1.07,0
2025-12-14T12:56:50.690Z,PUMP-204,167.1,110.2,1.12,0
2025-12-14T12:57:50.690Z,PUMP-204,175.8,99.4,0.5,0
2025-12-14T12:58:50.690Z,PUMP-204,176.8,102.9,1.41,0
2025-12-14T12:59:50.690Z,PUMP-204,167.8,114.3,1.75,0
2025-12-14T13:00:50.690Z,PUMP-204,167.4,107.5,1.8,0
2025-12-14T13:01:50.690Z,PUMP-204,185.3,104.2,1.83,0
2025-12-14T13:02:50.690Z,PUMP-204,171,121.4,1.65,0
2025-12-14T13:03:50.690Z,PUMP-204,169.5,114.4,1.62,0
2025-12-14T13:04:50.690Z,PUMP-204,157.9,111.4,2.04,0
2025-12-14T13:05:50.690Z,PUMP-204,164.3,99.9,0.64,0
2025-12-14T13:06:50.690Z,PUMP-204,166,97.7,2.15,0
2025-12-14T13:07:50.690Z,PUMP-204,175,97.4,1.84,0
2025-12-14T13:08:50.690Z,PUMP-204,162.5,106.2,1.81,0
2025-12-14T13:09:50.690Z,PUMP-204,164,112.4,1.48,0
2025-12-14T13:10:50.690Z,PUMP-204,166.1,116.5,1.53,0
2025-12-14T13:11:50.690Z,PUMP-204,173.6,109,1.18,0
2025-12-14T13:12:50.690Z,PUMP-204,173.3,108.2,2.1,0
2025-12-14T13:13:50.690Z,PUMP-204,169,112.3,1.42,0
2025-12-14T13:14:50.690Z,PUMP-204,163.3,112.9,0.98,0
2025-12-14T13:15:50.690Z,PUMP-204,169.7,124.2,1.62,0
2025-12-14T13:16:50.690Z,PUMP-204,192.8,112.8,1.42,0
2025-12-14T13:17:50.690Z,PUMP-204,153.8,105.3,2.3,0
2025-12-14T13:18:50.690Z,PUMP-204,164.2,99,1.29,0
2025-12-14T13:19:50.690Z,PUMP-204,163.9,108.4,1.42,0
2025-12-14T13:20:50.690Z,PUMP-204,174,106.4,2.01,0
2025-12-14T13:21:50.690Z,PUMP-204,171.3,124.7,1.14,0
2025-12-14T13:22:50.690Z,PUMP-204,165.8,112.7,1.05,0
2025-12-14T13:23:50.690Z,PUMP-204,163.4,115.6,0.89,0
2025-12-14T13:24:50.690Z,PUMP-204,168.4,103.4,0.93,0
2025-12-14T13:25:50.690Z,PUMP-204,167.8,99.8,1.28,0
2025-12-14T13:26:50.690Z,PUMP-204,169.2,104.6,1.13,0
2025-12-14T13:27:50.690Z,PUMP-204,179,105.7,1.3,0
2025-12-14T13:28:50.690Z,PUMP-204,154,111.2,2.08,0
2025-12-14T13:29:50.690Z,PUMP-204,173.9,111.9,1.3,0
2025-12-14T13:30:50.690Z,PUMP-204,180.7,98.9,1.71,0
2025-12-14T13:31:50.690Z,PUMP-204,181.8,126,0.66,0
2025-12-14T13:32:50.690Z,PUMP-204,163.3,105.7,1.11,0
2025-12-14T13:33:50.690Z,PUMP-204,183.7,119.7,1.52,0
2025-12-14T13:34:50.690Z,PUMP-204,156.8,110.9,1.42,0
2025-12-14T13:35:50.690Z,PUMP-204,176.7,114.3,0.74,0
2025-12-14T13:36:50.690Z,PUMP-204,158.2,115.4,1.54,0
2025-12-14T13:37:50.690Z,PUMP-204,170.7,107.8,1.8,0
2025-12-14T13:38:50.690Z,PUMP-204,173,93.7,1.09,0
2025-12-14T13:39:50.690Z,PUMP-204,178,118.6,1.37,0
2025-12-14T13:40:50.690Z,PUMP-204,163.4,107.1,2.17,0
2025-12-14T13:41:50.690Z,PUMP-204,185.6,125,1.35,0
2025-12-14T13:42:50.690Z,PUMP-204,162.1,125.9,2.23,0
2025-12-14T13:43:50.690Z,PUMP-204,172,105.7,1.49,0
2025-12-14T13:44:50.690Z,PUMP-204,167.1,121.8,1.67,0
2025-12-14T13:45:50.690Z,PUMP-204,170.4,104.9,1.84,0
2025-12-14T13:46:50.690Z,PUMP-204,153.9,112.1,1.21,0
2025-12-14T13:47:50.690Z,PUMP-204,161,99.9,1.59,0
2025-12-14T13:48:50.690Z,PUMP-204,158.9,99.1,1.04,0
2025-12-14T13:49:50.690Z,PUMP-204,178.1,116.4,1.6,0
2025-12-14T13:50:50.690Z,PUMP-204,158.4,100.6,1.42,0
2025-12-14T13:51:50.690Z,PUMP-204,169.8,114.1,1.41,0
2025-12-14T13:52:50.690Z,PUMP-204,164.7,130.5,1.52,0
2025-12-14T13:53:50.690Z,PUMP-204,184,108,1.25,0
2025-12-14T13:54:50.690Z,PUMP-204,172.2,107.2,1.77,0
2025-12-14T13:55:50.690Z,PUMP-204,190.2,111.4,2.14,0
2025-12-14T13:56:50.690Z,PUMP-204,180.1,90.6,1,0
2025-12-14T13:57:50.690Z,PUMP-204,175.2,111.7,1.17,0
2025-12-14T13:58:50.690Z,PUMP-204,175.1,108.9,2.41,0
2025-12-14T13:59:50.690Z,PUMP-204,167.5,108.6,1.69,0
2025-12-14T14:00:50.690Z,PUMP-204,166.8,116.3,1.66,0
2025-12-14T14:01:50.690Z,PUMP-204,184.3,108.8,1.82,0
2025-12-14T14:02:50.690Z,PUMP-204,175.2,105.5,1.97,0
2025-12-14T14:03:50.690Z,PUMP-204,173.3,116.3,1.63,0
2025-12-14T14:04:50.690Z,PUMP-204,170.6,104.8,1.89,0
2025-12-14T14:05:50.690Z,PUMP-204,170.4,117.4,1.34,0
2025-12-14T14:06:50.690Z,PUMP-204,171.4,109.5,1.54,0
2025-12-14T14:07:50.690Z,PUMP-204,189.7,92.9,1.71,0
2025-12-14T14:08:50.690Z,PUMP-204,170.9,101.3,1.74,0
2025-12-14T14:09:50.690Z,PUMP-204,164.8,109.5,1.79,0
2025-12-14T14:10:50.690Z,PUMP-204,172.2,109,1.76,0
2025-12-14T14:11:50.690Z,PUMP-204,168.6,119.5,1.09,0
2025-12-14T14:12:50.690Z,PUMP-204,178.6,114.3,1.57,0
2025-12-14T14:13:50.690Z,PUMP-204,163.5,117.8,1.71,0
2025-12-14T14:14:50.690Z,PUMP-204,183.1,118.5,1.22,0
2025-12-14T14:15:50.690Z,PUMP-204,164,108.2,1.53,0
2025-12-14T14:16:50.690Z,PUMP-204,189,97.5,1.67,0
2025-12-14T14:17:50.690Z,PUMP-204,175.4,115.1,1.15,0
2025-12-14T14:18:50.690Z,PUMP-204,158.5,123.3,1.39,0
2025-12-14T14:19:50.690Z,PUMP-204,159,100.5,1.28,0
2025-12-14T14:20:50.690Z,PUMP-204,167.9,97.2,1.66,0
2025-12-14T14:21:50.690Z,PUMP-204,173.5,103.5,1.18,0
2025-12-14T14:22:50.690Z,PUMP-204,169.1,102.4,1.21,0
2025-12-14T14:23:50.690Z,PUMP-204,156.6,95.2,1.2,0
2025-12-14T14:24:50.690Z,PUMP-204,160.2,114,1.61,0
2025-12-14T14:25:50.690Z,PUMP-204,155.5,111.6,1.48,0
2025-12-14T14:26:50.690Z,PUMP-204,174.6,97.6,1.83,0
2025-12-14T14:27:50.690Z,PUMP-204,169.5,114.6,1.77,0
2025-12-14T14:28:50.690Z,PUMP-204,179.4,113,1.28,0
2025-12-14T14:29:50.690Z,PUMP-204,161.2,100.2,1.26,0
2025-12-14T14:30:50.690Z,PUMP-204,161.2,104.9,2.03,0
2025-12-14T14:31:50.690Z,PUMP-204,168.1,111.3,2.02,0
2025-12-14T14:32:50.690Z,PUMP-204,174.3,97.9,1.5,0
2025-12-14T14:33:50.690Z,PUMP-204,175.3,111.6,1.99,0
2025-12-14T14:34:50.690Z,PUMP-204,166.6,113.3,1.91,0
2025-12-14T14:35:50.690Z,PUMP-204,167,103.9,0.73,0
2025-12-14T14:36:50.690Z,PUMP-204,170.9,109.1,1.11,0
2025-12-14T14:37:50.690Z,PUMP-204,198,108.5,1.74,0
2025-12-14T14:38:50.690Z,PUMP-204,183.9,102,1.02,0
2025-12-14T14:39:50.690Z,PUMP-204,193.3,108.2,1.67,0
2025-12-14T14:40:50.690Z,PUMP-204,152.7,116.7,0.67,0
2025-12-14T14:41:50.690Z,PUMP-204,164.3,117.6,2.07,0
2025-12-14T14:42:50.690Z,PUMP-204,174,118,0.64,0
2025-12-14T14:43:50.690Z,PUMP-204,168.2,116.9,2.22,0
2025-12-14T14:44:50.690Z,PUMP-204,155.6,108.9,1.57,0
2025-12-14T14:45:50.690Z,PUMP-204,171.9,110.2,1.52,0
2025-12-14T14:46:50.690Z,PUMP-204,178.5,122,1.85,0
2025-12-14T14:47:50.690Z,PUMP-204,178.4,116.9,1.76,0
2025-12-14T14:48:50.690Z,PUMP-204,168.9,109.3,1.92,0
2025-12-14T14:49:50.690Z,PUMP-204,160.7,120.7,1.02,0
2025-12-14T14:50:50.690Z,PUMP-204,179,103.4,0.95,0
2025-12-14T14:51:50.690Z,PUMP-204,168.4,95.7,1.17,0
2025-12-14T14:52:50.690Z,PUMP-204,168.4,116.5,1.24,0
2025-12-14T14:53:50.690Z,PUMP-204,155.2,106.5,0.84,0
2025-12-14T14:54:50.690Z,PUMP-204,174.3,106.4,0.93,0
2025-12-14T14:55:50.690Z,PUMP-204,180.6,99.3,1.38,0
2025-12-14T14:56:50.690Z,PUMP-204,160,110.6,1.54,0
2025-12-14T14:57:50.690Z,PUMP-204,182.1,102.6,1,0
2025-12-14T14:58:50.690Z,PUMP-204,171.7,111.9,2.21,0
2025-12-14T14:59:50.690Z,PUMP-204,183.2,112.6,1.2,0
2025-12-14T15:00:50.690Z,PUMP-204,156,98.8,1.25,0
2025-12-14T15:01:50.690Z,PUMP-204,165.9,100.7,1.95,0
2025-12-14T15:02:50.690Z,PUMP-204,174.8,113.7,1.12,0
2025-12-14T15:03:50.690Z,PUMP-204,153.9,108.6,1.83,0
2025-12-14T15:04:50.690Z,PUMP-204,165.4,112.5,1.36,0
2025-12-14T15:05:50.690Z,PUMP-204,184,99.9,1.56,0
2025-12-14T15:06:50.690Z,PUMP-204,158.2,100.1,0.93,0
2025-12-14T15:07:50.690Z,PUMP-204,164.7,117.4,1.06,0
2025-12-14T15:08:50.690Z,PUMP-204,192.6,112,1.9,0
2025-12-14T15:09:50.690Z,PUMP-204,150.4,105.5,1.9,0
2025-12-14T15:10:50.690Z,PUMP-204,160.6,101.4,1.08,0
2025-12-14T15:11:50.690Z,PUMP-204,163.7,101.2,1.39,0
2025-12-14T15:12:50.690Z,PUMP-204,184.8,109.6,0.69,0
2025-12-14T15:13:50.690Z,PUMP-204,169.4,98.4,2.37,0
2025-12-14T15:14:50.690Z,PUMP-204,170.6,120.5,1.43,0
2025-12-14T15:15:50.690Z,PUMP-204,162.5,103.1,1.37,0
2025-12-14T15:16:50.690Z,PUMP-204,179.1,100.1,1.1,0
2025-12-14T15:17:50.690Z,PUMP-204,158.2,101.2,1.77,0
2025-12-14T15:18:50.690Z,PUMP-204,172.7,114,1.55,0
2025-12-14T15:19:50.690Z,PUMP-204,168.4,105.6,0.86,0
2025-12-14T15:20:50.690Z,PUMP-204,174.6,117,2.38,0
2025-12-14T15:21:50.690Z,PUMP-204,170.8,117.3,1.92,0
2025-12-14T15:22:50.690Z,PUMP-204,177.5,117.1,0.71,0
2025-12-14T15:23:50.690Z,PUMP-204,186.4,122.1,0.74,0
2025-12-14T15:24:50.690Z,PUMP-204,169.1,116.2,1.96,0
2025-12-14T15:25:50.690Z,PUMP-204,176.8,110.4,1.66,0
2025-12-14T15:26:50.690Z,PUMP-204,177.9,92.9,1.33,0
2025-12-14T15:27:50.690Z,PUMP-204,162.4,122.2,1.16,0
2025-12-14T15:28:50.690Z,PUMP-204,173.3,119.3,0.74,0
2025-12-14T15:29:50.690Z,PUMP-204,179.4,117.9,1.29,0
2025-12-14T15:30:50.690Z,PUMP-204,158.1,98.8,1.94,0
2025-12-14T15:31:50.690Z,PUMP-204,179.1,110,1.82,0
2025-12-14T15:32:50.690Z,PUMP-204,174.9,111,1.72,0
2025-12-14T15:33:50.690Z,PUMP-204,193.7,107.7,1.55,0
2025-12-14T15:34:50.690Z,PUMP-204,146.8,101.5,1.88,0
2025-12-14T15:35:50.690Z,PUMP-204,183.7,112.7,1.49,0
2025-12-14T15:36:50.690Z,PUMP-204,186.9,107.6,1.65,0
2025-12-14T15:37:50.690Z,PUMP-204,165.2,107.5,1.18,0
2025-12-14T15:38:50.690Z,PUMP-204,188.3,114.9,1.16,0
2025-12-14T15:39:50.690Z,PUMP-204,167.4,121.8,1.04,0
2025-12-14T15:40:50.690Z,PUMP-204,163.1,100.5,1.23,0
2025-12-14T15:41:50.690Z,PUMP-204,168.2,109.9,1.53,0
2025-12-14T15:42:50.690Z,PUMP-204,163.4,124.1,0.91,0
2025-12-14T15:43:50.690Z,PUMP-204,192.4,114.6,0.73,0
2025-12-14T15:44:50.690Z,PUMP-204,157.8,116.2,1.45,0
2025-12-14T15:45:50.690Z,PUMP-204,162.6,106.5,1.6,0
2025-12-14T15:46:50.690Z,PUMP-204,159.9,101.7,1.64,0
2025-12-14T15:47:50.690Z,PUMP-204,147.1,116.6,1.09,0
2025-12-14T15:48:50.690Z,PUMP-204,178.6,96,1.23,0
2025-12-14T15:49:50.690Z,PUMP-204,158.2,118.6,1.31,0
2025-12-14T15:50:50.690Z,PUMP-204,147.8,113.5,1.79,0
2025-12-14T15:51:50.690Z,PUMP-204,177.1,119.1,1.71,0
2025-12-14T15:52:50.690Z,PUMP-204,150,103.4,1.35,0
2025-12-14T15:53:50.690Z,PUMP-204,169.6,105.9,1.65,0
2025-12-14T15:54:50.690Z,PUMP-204,163.6,126.5,1.5,0
2025-12-14T15:55:50.690Z,PUMP-204,193.7,110.9,1.68,0
2025-12-14T15:56:50.690Z,PUMP-204,164.2,116.5,1.66,0
2025-12-14T15:57:50.690Z,PUMP-204,174,102.6,1.46,0
2025-12-14T15:58:50.690Z,PUMP-204,159.1,114.2,0.72,0
2025-12-14T15:59:50.690Z,PUMP-204,169.9,123.3,1.67,0
2025-12-14T16:00:50.690Z,PUMP-204,157.9,114.5,2.02,0
2025-12-14T16:01:50.690Z,PUMP-204,181.6,118.2,1.27,0
2025-12-14T16:02:50.690Z,PUMP-204,157.6,124.3,1.68,0
2025-12-14T16:03:50.690Z,PUMP-204,179.1,112.7,1.31,0
2025-12-14T16:04:50.690Z,PUMP-204,150.8,125.6,1.58,0
2025-12-14T16:05:50.690Z,PUMP-204,166.7,106.9,1.49,0
2025-12-14T16:06:50.690Z,PUMP-204,156.5,110,1.74,0
2025-12-14T16:07:50.690Z,PUMP-204,177.8,109.9,0.84,0
2025-12-14T16:08:50.690Z,PUMP-204,152.6,113.5,1.1,0
2025-12-14T16:09:50.690Z,PUMP-204,169.6,110.9,1.39,0
2025-12-14T16:10:50.690Z,PUMP-204,160.1,107.2,1.52,0
2025-12-14T16:11:50.690Z,PUMP-204,167.5,111.3,0.88,0
2025-12-14T16:12:50.690Z,PUMP-204,169.6,104.8,1.49,0
2025-12-14T16:13:50.690Z,PUMP-204,180.3,95.8,0.89,0
2025-12-14T16:14:50.690Z,PUMP-204,184.3,114.3,1.82,0
2025-12-14T16:15:50.690Z,PUMP-204,172.7,118.4,1.28,0
2025-12-14T16:16:50.690Z,PUMP-204,177.9,114.9,1.84,0
2025-12-14T16:17:50.690Z,PUMP-204,163.1,117.7,1.86,0
2025-12-14T16:18:50.690Z,PUMP-204,183,112.3,0.4,0
2025-12-14T16:19:50.690Z,PUMP-204,169.1,125.1,1.06,0
2025-12-14T16:20:50.690Z,PUMP-204,176.4,93.6,1.93,0
2025-12-14T16:21:50.690Z,PUMP-204,182.1,106.4,2.18,0
2025-12-14T16:22:50.690Z,PUMP-204,177.1,102.4,1.33,0
2025-12-14T16:23:50.690Z,PUMP-204,179.4,100.4,1.96,0
2025-12-14T16:24:50.690Z,PUMP-204,174.9,100.8,1.36,0
2025-12-14T16:25:50.690Z,PUMP-204,169.2,99.5,1.34,0
2025-12-14T16:26:50.690Z,PUMP-204,160.9,106.1,1.37,0
2025-12-14T16:27:50.690Z,PUMP-204,172.4,114.1,1.96,0
2025-12-14T16:28:50.690Z,PUMP-204,169.9,97.7,1.32,0
2025-12-14T16:29:50.690Z,PUMP-204,150.5,117.3,0.54,0
2025-12-14T16:30:50.690Z,PUMP-204,168.1,106.8,1.56,0
2025-12-14T16:31:50.690Z,PUMP-204,173.2,122.7,1.48,0
2025-12-14T16:32:50.690Z,PUMP-204,160.9,93.9,1.44,0
2025-12-14T16:33:50.690Z,PUMP-204,178.1,100.7,0.77,0
2025-12-14T16:34:50.690Z,PUMP-204,181.5,104.8,1.6,0
2025-12-14T16:35:50.690Z,PUMP-204,171.2,103.8,1.54,0
2025-12-14T16:36:50.690Z,PUMP-204,145.1,110.1,1.67,0
2025-12-14T16:37:50.690Z,PUMP-204,172.6,102.2,1.58,0
2025-12-14T16:38:50.690Z,PUMP-204,185.4,100.7,1.11,0
2025-12-14T16:39:50.690Z,PUMP-204,159.5,102.6,1,0
2025-12-14T16:40:50.690Z,PUMP-204,190.5,108.6,1.55,0
2025-12-14T16:41:50.690Z,PUMP-204,191.1,98,2.08,0
2025-12-14T16:42:50.690Z,PUMP-204,175.7,115.3,1.63,0
2025-12-14T16:43:50.690Z,PUMP-204,170.7,110.1,1.36,0
2025-12-14T16:44:50.690Z,PUMP-204,170.1,94.6,1.23,0
2025-12-14T16:45:50.690Z,PUMP-204,153.5,112.5,1.7,0
2025-12-14T16:46:50.690Z,PUMP-204,179.1,110.7,2.07,0
2025-12-14T16:47:50.690Z,PUMP-204,164,106.2,1.23,0
2025-12-14T16:48:50.690Z,PUMP-204,172.6,103.3,1.44,0
2025-12-14T16:49:50.690Z,PUMP-204,173.3,119.7,1.74,0
2025-12-14T16:50:50.690Z,PUMP-204,172.7,100.2,0.99,0
2025-12-14T16:51:50.690Z,PUMP-204,157.6,107.9,1.44,0
2025-12-14T16:52:50.690Z,PUMP-204,176.8,119.3,1.11,0
2025-12-14T16:53:50.690Z,PUMP-204,166.7,103.4,1.7,0
2025-12-14T16:54:50.690Z,PUMP-204,181.5,108.9,1.02,0
2025-12-14T16:55:50.690Z,PUMP-204,162.9,106.6,1.42,0
2025-12-14T16:56:50.690Z,PUMP-204,180.5,111.7,0.84,0
2025-12-14T16:57:50.690Z,PUMP-204,166.5,106.5,1.42,0
2025-12-14T16:58:50.690Z,PUMP-204,172.5,113.8,1.26,0
2025-12-14T16:59:50.690Z,PUMP-204,182.8,103.8,2.01,0
2025-12-14T17:00:50.690Z,PUMP-204,153.4,103.4,0.95,0
2025-12-14T17:01:50.690Z,PUMP-204,148.7,109.9,2.29,0
2025-12-14T17:02:50.690Z,PUMP-204,178,128.9,2.21,0
2025-12-14T17:03:50.690Z,PUMP-204,156.5,124.2,1.94,0
2025-12-14T17:04:50.690Z,PUMP-204,171.8,109,1.33,0
2025-12-14T17:05:50.690Z,PUMP-204,176.3,105.5,1.65,0
2025-12-14T17:06:50.690Z,PUMP-204,172.9,104.8,1.05,0
2025-12-14T17:07:50.690Z,PUMP-204,152.4,118.5,1.67,0
2025-12-14T17:08:50.690Z,PUMP-204,156.5,100.5,1.7,0
2025-12-14T17:09:50.690Z,PUMP-204,185.2,110.6,1.03,0
2025-12-14T17:10:50.690Z,PUMP-204,162.2,111.6,1.41,0
2025-12-14T17:11:50.690Z,PUMP-204,172.5,107.6,1.55,0
2025-12-14T17:12:50.690Z,PUMP-204,165.6,105.4,1.54,0
2025-12-14T17:13:50.690Z,PUMP-204,170.6,107,1.39,0
2025-12-14T17:14:50.690Z,PUMP-204,153.9,113.5,1.09,0
2025-12-14T17:15:50.690Z,PUMP-204,164.1,113.9,1.46,0
2025-12-14T17:16:50.690Z,PUMP-204,171.2,105.6,1.04,0
2025-12-14T17:17:50.690Z,PUMP-204,179.9,101.3,1.94,0
2025-12-14T17:18:50.690Z,PUMP-204,180.2,113,1.68,0
2025-12-14T17:19:50.690Z,PUMP-204,169.8,116.3,1.48,0
2025-12-14T17:20:50.690Z,PUMP-204,165.2,109.6,1.58,0
2025-12-14T17:21:50.690Z,PUMP-204,145.3,110.2,2.32,0
2025-12-14T17:22:50.690Z,PUMP-204,182.8,114.9,1.17,0
2025-12-14T17:23:50.690Z,PUMP-204,154.1,102.5,1.84,0
2025-12-14T17:24:50.690Z,PUMP-204,170.9,115.4,1.67,0
2025-12-14T17:25:50.690Z,PUMP-204,189.2,121.1,1.18,0
2025-12-14T17:26:50.690Z,PUMP-204,153.5,125.7,1.58,0
2025-12-14T17:27:50.690Z,PUMP-204,162.9,110.8,1.88,0
2025-12-14T17:28:50.690Z,PUMP-204,153.9,113,1.86,0
2025-12-14T17:29:50.690Z,PUMP-204,167.2,94.4,0.93,0
2025-12-14T17:30:50.690Z,PUMP-204,160.1,110.7,1.62,0
2025-12-14T17:31:50.690Z,PUMP-204,168.7,112.3,1.12,0
2025-12-14T17:32:50.690Z,PUMP-204,184.9,130.7,1.84,0
2025-12-14T17:33:50.690Z,PUMP-204,168.7,114,1.63,0
2025-12-14T17:34:50.690Z,PUMP-204,171.4,126.6,1.39,0
2025-12-14T17:35:50.690Z,PUMP-204,161.6,108.4,1.39,0
2025-12-14T17:36:50.690Z,PUMP-204,161.3,111.2,1.39,0
2025-12-14T17:37:50.690Z,PUMP-204,171,116.8,1.62,0
2025-12-14T17:38:50.690Z,PUMP-204,196.2,102.8,1.7,0
2025-12-14T17:39:50.690Z,PUMP-204,156.5,101.5,1.74,0
2025-12-14T17:40:50.690Z,PUMP-204,168.8,105.9,1.64,0
2025-12-14T17:41:50.690Z,PUMP-204,181.3,94.4,2.11,0
2025-12-14T17:42:50.690Z,PUMP-204,175.1,121,1.06,0
2025-12-14T17:43:50.690Z,PUMP-204,166.4,107.9,1.32,0
2025-12-14T17:44:50.690Z,PUMP-204,158.7,121.5,1.08,0
2025-12-14T17:45:50.690Z,PUMP-204,152.8,119.4,1.48,0
2025-12-14T17:46:50.690Z,PUMP-204,159,104.6,1.93,0
2025-12-14T17:47:50.690Z,PUMP-204,163,116,1.09,0
2025-12-14T17:48:50.690Z,PUMP-204,186.2,95.9,1.04,0
2025-12-14T17:49:50.690Z,PUMP-204,168.6,94,1.09,0
2025-12-14T17:50:50.690Z,PUMP-204,154.2,117.2,1.81,0
2025-12-14T17:51:50.690Z,PUMP-204,162.7,109.8,1.82,0
2025-12-14T17:52:50.690Z,PUMP-204,178.3,100.5,1.02,0
2025-12-14T17:53:50.690Z,PUMP-204,170.6,103.3,0.27,0
2025-12-14T17:54:50.690Z,PUMP-204,173.4,100,1.67,0
2025-12-14T17:55:50.690Z,PUMP-204,188.7,99.1,1.89,0
2025-12-14T17:56:50.690Z,PUMP-204,186.9,114.6,1.59,0
2025-12-14T17:57:50.690Z,PUMP-204,181.2,93.4,1.61,0
2025-12-14T17:58:50.690Z,PUMP-204,169.2,116,1.35,0
2025-12-14T17:59:50.690Z,PUMP-204,167.6,112.7,1.72,0
2025-12-14T18:00:50.690Z,PUMP-204,176.9,122.5,1.69,0
2025-12-14T18:01:50.690Z,PUMP-204,180.2,117.1,1.36,0
2025-12-14T18:02:50.690Z,PUMP-204,169.6,95.2,1.77,0
2025-12-14T18:03:50.690Z,PUMP-204,185.4,97.3,1.41,0
2025-12-14T18:04:50.690Z,PUMP-204,176,107.3,1.21,0
2025-12-14T18:05:50.690Z,PUMP-204,159.8,101.4,1.92,0
2025-12-14T18:06:50.690Z,PUMP-204,177.5,113.5,1.75,0
2025-12-14T18:07:50.690Z,PUMP-204,176.9,103.3,1.95,0
2025-12-14T18:08:50.690Z,PUMP-204,179.1,109.3,1.64,0
2025-12-14T18:09:50.690Z,PUMP-204,158.1,115.3,1.42,0
2025-12-14T18:10:50.690Z,PUMP-204,157.3,102.6,0.97,0
2025-12-14T18:11:50.690Z,PUMP-204,153.4,102.7,1.58,0
2025-12-14T18:12:50.690Z,PUMP-204,147.6,110.8,2.18,0
2025-12-14T18:13:50.690Z,PUMP-204,166.3,119.3,1.48,0
2025-12-14T18:14:50.690Z,PUMP-204,165.8,116.1,0.86,0
2025-12-14T18:15:50.690Z,PUMP-204,155.8,113.1,1.29,0
2025-12-14T18:16:50.690Z,PUMP-204,166.1,110.1,1.59,0
2025-12-14T18:17:50.690Z,PUMP-204,169.8,112,1.29,0
2025-12-14T18:18:50.690Z,PUMP-204,178.5,123.2,1.25,0
2025-12-14T18:19:50.690Z,PUMP-204,165.9,104.3,1.66,0
2025-12-14T18:20:50.690Z,PUMP-204,184.2,95.1,1.21,0
2025-12-14T18:21:50.690Z,PUMP-204,178.3,106.9,1.46,0
2025-12-14T18:22:50.690Z,PUMP-204,181.5,107.2,1.69,0
2025-12-14T18:23:50.690Z,PUMP-204,167.9,121.3,1.45,0
2025-12-14T18:24:50.690Z,PUMP-204,165.1,104.7,1.61,0
2025-12-14T18:25:50.690Z,PUMP-204,167.8,110.3,1.94,0
2025-12-14T18:26:50.690Z,PUMP-204,167.1,106.6,1.15,0
2025-12-14T18:27:50.690Z,PUMP-204,171.3,106.1,1.25,0
2025-12-14T18:28:50.690Z,PUMP-204,162.2,117.7,1.11,0
2025-12-14T18:29:50.690Z,PUMP-204,162.8,106.5,2.5,0
2025-12-14T18:30:50.690Z,PUMP-204,155.6,117.9,1.1,0
2025-12-14T18:31:50.690Z,PUMP-204,160.8,104.4,1.7,0
2025-12-14T18:32:50.690Z,PUMP-204,169.4,117.9,1.35,0
2025-12-14T18:33:50.690Z,PUMP-204,156.2,115.8,1.79,0
2025-12-14T18:34:50.690Z,PUMP-204,166.1,111.7,1.59,0
2025-12-14T18:35:50.690Z,PUMP-204,168.3,114.3,1.24,0
2025-12-14T18:36:50.690Z,PUMP-204,152.6,107.7,1.61,0
2025-12-14T18:37:50.690Z,PUMP-204,158.4,131.1,1.99,0
2025-12-14T18:38:50.690Z,PUMP-204,158.3,101.6,0.93,0
2025-12-14T18:39:50.690Z,PUMP-204,152.7,106,1.74,0
2025-12-14T18:40:50.690Z,PUMP-204,185.5,107.2,1.15,0
2025-12-14T18:41:50.690Z,PUMP-204,169.9,119.7,1.6,0
2025-12-14T18:42:50.690Z,PUMP-204,182.5,103.1,1.85,0
2025-12-14T18:43:50.690Z,PUMP-204,186.7,117.9,1.51,0
2025-12-14T18:44:50.690Z,PUMP-204,169.2,114.4,1.49,0
2025-12-14T18:45:50.690Z,PUMP-204,183,108.8,1.48,0
2025-12-14T18:46:50.690Z,PUMP-204,187.2,97.3,1.56,0
2025-12-14T18:47:50.690Z,PUMP-204,163.3,108.3,1.77,0
2025-12-14T18:48:50.690Z,PUMP-204,177.7,99.4,1.2,0
2025-12-14T18:49:50.690Z,PUMP-204,175.6,112.3,1.22,0
2025-12-14T18:50:50.690Z,PUMP-204,157.3,100.8,1.85,0
2025-12-14T18:51:50.690Z,PUMP-204,173.3,110.5,0.99,0
2025-12-14T18:52:50.690Z,PUMP-204,182.1,102.5,1.94,0
2025-12-14T18:53:50.690Z,PUMP-204,164.2,118.2,1.52,0
2025-12-14T18:54:50.690Z,PUMP-204,177.9,103.8,0.95,0
2025-12-14T18:55:50.690Z,PUMP-204,175.1,103.4,0.94,0
2025-12-14T18:56:50.690Z,PUMP-204,177.8,91.4,1.66,0
2025-12-14T18:57:50.690Z,PUMP-204,169.4,118.1,1.28,0
2025-12-14T18:58:50.690Z,PUMP-204,176.2,120.3,1.55,0
2025-12-14T18:59:50.690Z,PUMP-204,162.2,116.9,1.74,0
2025-12-14T19:00:50.690Z,PUMP-204,161.8,103.3,1.32,0
2025-12-14T19:01:50.690Z,PUMP-204,182.5,104.1,1.61,0
2025-12-14T19:02:50.690Z,PUMP-204,169.3,90.9,2.28,0
2025-12-14T19:03:50.690Z,PUMP-204,179.9,100.5,1.21,0
2025-12-14T19:04:50.690Z,PUMP-204,190.7,98.1,2.31,0
2025-12-14T19:05:50.690Z,PUMP-204,174.9,109.6,2.08,0
2025-12-14T19:06:50.690Z,PUMP-204,170.4,112.2,1.48,0
2025-12-14T19:07:50.690Z,PUMP-204,163.6,102.9,2.3,0
2025-12-14T19:08:50.690Z,PUMP-204,186.7,112.2,2.13,0
2025-12-14T19:09:50.690Z,PUMP-204,187.4,88.3,1.55,0
2025-12-14T19:10:50.690Z,PUMP-204,166.6,111.1,1.47,0
2025-12-14T19:11:50.690Z,PUMP-204,171.9,107.4,1.59,0
2025-12-14T19:12:50.690Z,PUMP-204,169,109.1,1.67,0
2025-12-14T19:13:50.690Z,PUMP-204,167.8,120.5,1.63,0
2025-12-14T19:14:50.690Z,PUMP-204,155.5,114.2,1.19,0
2025-12-14T19:15:50.690Z,PUMP-204,151.1,105.5,1.29,0
2025-12-14T19:16:50.690Z,PUMP-204,184.1,107.3,0.78,0
2025-12-14T19:17:50.690Z,PUMP-204,175.5,112.6,1.74,0
2025-12-14T19:18:50.690Z,PUMP-204,164.6,108.3,1.1,0
2025-12-14T19:19:50.690Z,PUMP-204,156.5,113.8,1.44,0
2025-12-14T19:20:50.690Z,PUMP-204,171.1,126.2,1.72,0
2025-12-14T19:21:50.690Z,PUMP-204,150,99.2,1.77,0
2025-12-14T19:22:50.690Z,PUMP-204,153.1,121.6,0.89,0
2025-12-14T19:23:50.690Z,PUMP-204,178,122.2,2.27,0
2025-12-14T19:24:50.690Z,PUMP-204,185.2,100.7,1.42,0
2025-12-14T19:25:50.690Z,PUMP-204,176.8,132.4,1.71,0
2025-12-14T19:26:50.690Z,PUMP-204,168.6,101.2,1.15,0
2025-12-14T19:27:50.690Z,PUMP-204,183.1,105.6,1.07,0
2025-12-14T19:28:50.690Z,PUMP-204,158.2,118.7,1.77,0
2025-12-14T19:29:50.690Z,PUMP-204,178.9,116.5,0.76,0
2025-12-14T19:30:50.690Z,PUMP-204,169.8,119.7,1.44,0
2025-12-14T19:31:50.690Z,PUMP-204,167.4,96.8,1.55,0
2025-12-14T19:32:50.690Z,PUMP-204,162.3,92,1.49,0
2025-12-14T19:33:50.690Z,PUMP-204,159.8,110.8,1.1,0
2025-12-14T19:34:50.690Z,PUMP-204,186.9,122.4,1.66,0
2025-12-14T19:35:50.690Z,PUMP-204,182.2,103.3,0.71,0
2025-12-14T19:36:50.690Z,PUMP-204,170.4,121.7,1.58,0
2025-12-14T19:37:50.690Z,PUMP-204,165.9,113.5,1.48,0
2025-12-14T19:38:50.690Z,PUMP-204,182.2,114.7,1.24,0
2025-12-14T19:39:50.690Z,PUMP-204,162.1,116.3,1.86,0
2025-12-14T19:40:50.690Z,PUMP-204,152.5,117.5,1.59,0
2025-12-14T19:41:50.690Z,PUMP-204,170.7,103.1,1.77,0
2025-12-14T19:42:50.690Z,PUMP-204,172.1,116.7,1.91,0
2025-12-14T19:43:50.690Z,PUMP-204,193.1,100.5,1.66,0
2025-12-14T19:44:50.690Z,PUMP-204,160.1,97.6,1.04,0
2025-12-14T19:45:50.690Z,PUMP-204,168.5,110,2.04,0
2025-12-14T19:46:50.690Z,PUMP-204,186.8,96.2,1.67,0
2025-12-14T19:47:50.690Z,PUMP-204,178.2,106.3,0.89,0
2025-12-14T19:48:50.690Z,PUMP-204,160.5,112.4,1.93,0
2025-12-14T19:49:50.690Z,PUMP-204,151.5,105.4,1.26,0
2025-12-14T19:50:50.690Z,PUMP-204,159,109.8,1.57,0
2025-12-14T19:51:50.690Z,PUMP-204,184.1,101.9,1.23,0
2025-12-14T19:52:50.690Z,PUMP-204,181.9,109.2,1.86,0
2025-12-14T19:53:50.690Z,PUMP-204,172,112.1,1.3,0
2025-12-14T19:54:50.690Z,PUMP-204,164.2,108.2,1.35,0
2025-12-14T19:55:50.690Z,PUMP-204,164.9,116.3,0.88,0
2025-12-14T19:56:50.690Z,PUMP-204,154.7,111.7,1.89,0
2025-12-14T19:57:50.690Z,PUMP-204,175.6,114,1.34,0
2025-12-14T19:58:50.690Z,PUMP-204,165.6,105.4,1.52,0
2025-12-14T19:59:50.690Z,PUMP-204,162.4,112.5,1.59,0
2025-12-14T20:00:50.690Z,PUMP-204,156.8,118,1.93,0
2025-12-14T20:01:50.690Z,PUMP-204,157,102.9,1.4,0
2025-12-14T20:02:50.690Z,PUMP-204,175.6,109.5,1.18,0
2025-12-14T20:03:50.690Z,PUMP-204,178,109.3,1.82,0
2025-12-14T20:04:50.690Z,PUMP-204,168.2,105.7,1.91,0
2025-12-14T20:05:50.690Z,PUMP-204,152.8,110.4,1.44,0
2025-12-14T20:06:50.690Z,PUMP-204,165.6,110,1.91,0
2025-12-14T20:07:50.690Z,PUMP-204,174.3,101.1,0.4,0
2025-12-14T20:08:50.690Z,PUMP-204,189.3,111.9,1.05,0
2025-12-14T20:09:50.690Z,PUMP-204,180.5,97.2,1.33,0
2025-12-14T20:10:50.690Z,PUMP-204,170.6,125.4,1.23,0
2025-12-14T20:11:50.690Z,PUMP-204,174.9,120.9,1.35,0
2025-12-14T20:12:50.690Z,PUMP-204,171.5,126.3,1.39,0
2025-12-14T20:13:50.690Z,PUMP-204,167.5,99.6,1.31,0
2025-12-14T20:14:50.690Z,PUMP-204,176.4,107.6,1.69,0
2025-12-14T20:15:50.690Z,PUMP-204,164.1,107.5,1.38,0
2025-12-14T20:16:50.690Z,PUMP-204,159.9,112.2,1.59,0
2025-12-14T20:17:50.690Z,PUMP-204,160.1,114.1,2.08,0
2025-12-14T20:18:50.690Z,PUMP-204,173.3,101.5,1.34,0
2025-12-14T20:19:50.690Z,PUMP-204,154.8,119.5,1.57,0
2025-12-14T20:20:50.690Z,PUMP-204,165.2,115.7,0.96,0
2025-12-14T20:21:50.690Z,PUMP-204,161.4,112.5,0.99,0
2025-12-14T20:22:50.690Z,PUMP-204,170.6,112.4,1.27,0
2025-12-14T20:23:50.690Z,PUMP-204,153,105.4,1.83,0
2025-12-14T20:24:50.690Z,PUMP-204,160,105.4,1.39,0
2025-12-14T20:25:50.690Z,PUMP-204,174.8,117.1,1.58,0
2025-12-14T20:26:50.690Z,PUMP-204,179,104,0.84,0
2025-12-14T20:27:50.690Z,PUMP-204,184.8,107.4,0.84,0
2025-12-14T20:28:50.690Z,PUMP-204,187.5,113,1.81,0
2025-12-14T20:29:50.690Z,PUMP-204,174,96.4,1.14,0
2025-12-14T20:30:50.690Z,PUMP-204,202.2,120.9,1.07,0
2025-12-14T20:31:50.690Z,PUMP-204,161.1,112.7,1.59,0
2025-12-14T20:32:50.690Z,PUMP-204,159.5,120.6,1.27,0
2025-12-14T20:33:50.690Z,PUMP-204,171.6,114.8,1.2,0
2025-12-14T20:34:50.690Z,PUMP-204,152.6,106.3,1.84,0
2025-12-14T20:35:50.690Z,PUMP-204,169,102.8,1.45,0
2025-12-14T20:36:50.690Z,PUMP-204,178.2,106.4,1.84,0
2025-12-14T20:37:50.690Z,PUMP-204,172.7,105.1,0.85,0
2025-12-14T20:38:50.690Z,PUMP-204,178.2,107.8,1.55,0
2025-12-14T20:39:50.690Z,PUMP-204,169.6,118.9,1.04,0
2025-12-14T20:40:50.690Z,PUMP-204,168.8,111,1.62,0
2025-12-14T20:41:50.690Z,PUMP-204,177.9,121.4,1.96,0
2025-12-14T20:42:50.690Z,PUMP-204,171.1,117.4,1.81,0
2025-12-14T20:43:50.690Z,PUMP-204,171.9,122.4,1.02,0
2025-12-14T20:44:50.690Z,PUMP-204,168.3,115.8,0.75,0
2025-12-14T20:45:50.690Z,PUMP-204,163.4,102.4,1.38,0
2025-12-14T20:46:50.690Z,PUMP-204,167.8,110.4,1.17,0
2025-12-14T20:47:50.690Z,PUMP-204,178.6,101.1,1.39,0
2025-12-14T20:48:50.690Z,PUMP-204,153.6,118.5,1.61,0
2025-12-14T20:49:50.690Z,PUMP-204,165.2,116.5,1.44,0
2025-12-14T20:50:50.690Z,PUMP-204,176.4,100.8,1.65,0
2025-12-14T20:51:50.690Z,PUMP-204,175.8,120.4,1.12,0
2025-12-14T20:52:50.690Z,PUMP-204,163.5,123.4,1.14,0
2025-12-14T20:53:50.690Z,PUMP-204,164.6,109.5,1.48,0
2025-12-14T20:54:50.690Z,PUMP-204,175.4,97.8,1.87,0
2025-12-14T20:55:50.690Z,PUMP-204,163.9,115.8,1.37,0
2025-12-14T20:56:50.690Z,PUMP-204,177.2,125.7,1.31,0
2025-12-14T20:57:50.690Z,PUMP-204,167.7,133.9,1.05,0
2025-12-14T20:58:50.690Z,PUMP-204,175.5,96.4,1.43,0
2025-12-14T20:59:50.690Z,PUMP-204,185.4,115.4,1.19,0
2025-12-14T21:00:50.690Z,PUMP-204,168.5,114,1.43,0
2025-12-14T21:01:50.690Z,PUMP-204,157.4,101.6,1.86,0
2025-12-14T21:02:50.690Z,PUMP-204,171.7,105.1,2.03,0
2025-12-14T21:03:50.690Z,PUMP-204,168,114.9,1.46,0
2025-12-14T21:04:50.690Z,PUMP-204,164.7,114.9,1.87,0
2025-12-14T21:05:50.690Z,PUMP-204,184.2,114.5,1.2,0
2025-12-14T21:06:50.690Z,PUMP-204,179.2,101.2,1.64,0
2025-12-14T21:07:50.690Z,PUMP-204,155.2,109.1,1.92,0
2025-12-14T21:08:50.690Z,PUMP-204,161.4,112,1.48,0
2025-12-14T21:09:50.690Z,PUMP-204,176.5,110.5,0.58,0
2025-12-14T21:10:50.690Z,PUMP-204,190.4,111.8,0.47,0
2025-12-14T21:11:50.690Z,PUMP-204,172.5,105.2,1.86,0
2025-12-14T21:12:50.690Z,PUMP-204,180.2,111.3,1.23,0
2025-12-14T21:13:50.690Z,PUMP-204,178.5,110.4,1.01,0
2025-12-14T21:14:50.690Z,PUMP-204,181.2,112.3,1.49,0
2025-12-14T21:15:50.690Z,PUMP-204,190.4,122.8,1.56,0
2025-12-14T21:16:50.690Z,PUMP-204,174,105.5,1.85,0
2025-12-14T21:17:50.690Z,PUMP-204,158.7,115.4,1.11,0
2025-12-14T21:18:50.690Z,PUMP-204,183.6,107.5,1.21,0
2025-12-14T21:19:50.690Z,PUMP-204,156.6,124.1,1.2,0
2025-12-14T21:20:50.690Z,PUMP-204,171.3,110.5,1.88,0
2025-12-14T21:21:50.690Z,PUMP-204,156.6,100.8,1.98,0
2025-12-14T21:22:50.690Z,PUMP-204,163.5,98,0.84,0
2025-12-14T21:23:50.690Z,PUMP-204,180.7,124.5,1.12,0
2025-12-14T21:24:50.690Z,PUMP-204,172.7,113.3,2.15,0
2025-12-14T21:25:50.690Z,PUMP-204,179.5,102.3,0.79,0
2025-12-14T21:26:50.690Z,PUMP-204,170.1,109.6,0.88,0
2025-12-14T21:27:50.690Z,PUMP-204,179.7,103.3,1.79,0
2025-12-14T21:28:50.690Z,PUMP-204,172.7,122.5,1.76,0
2025-12-14T21:29:50.690Z,PUMP-204,179,119,0.64,0
2025-12-14T21:30:50.690Z,PUMP-204,177.4,115.7,1.75,0
2025-12-14T21:31:50.690Z,PUMP-204,177.9,125.6,1.78,0
2025-12-14T21:32:50.690Z,PUMP-204,187.1,109.5,1.96,0
2025-12-14T21:33:50.690Z,PUMP-204,184.3,106.9,1.7,0
2025-12-14T21:34:50.690Z,PUMP-204,166.2,97.8,0.95,0
2025-12-14T21:35:50.690Z,PUMP-204,173.6,116.5,1.25,0
2025-12-14T21:36:50.690Z,PUMP-204,173.7,110.7,1.57,0
2025-12-14T21:37:50.690Z,PUMP-204,162.1,109.6,2.26,0
2025-12-14T21:38:50.690Z,PUMP-204,186,109.3,0.98,0
2025-12-14T21:39:50.690Z,PUMP-204,161.6,122.4,1.03,0
2025-12-14T21:40:50.690Z,PUMP-204,152.2,113.9,1.17,0
2025-12-14T21:41:50.690Z,PUMP-204,175.6,110.2,1.15,0
2025-12-14T21:42:50.690Z,PUMP-204,161.2,104.4,1.42,0
2025-12-14T21:43:50.690Z,PUMP-204,177.5,106,1.25,0
2025-12-14T21:44:50.690Z,PUMP-204,169,102.5,1.63,0
2025-12-14T21:45:50.690Z,PUMP-204,175.7,113.5,1.18,0
2025-12-14T21:46:50.690Z,PUMP-204,166.4,100.8,1.66,0
2025-12-14T21:47:50.690Z,PUMP-204,167.8,116.7,0.78,0
2025-12-14T21:48:50.690Z,PUMP-204,186.3,115.5,2.08,0
2025-12-14T21:49:50.690Z,PUMP-204,175.3,109.8,1.29,0
2025-12-14T21:50:50.690Z,PUMP-204,151.9,109.4,1.85,0
2025-12-14T21:51:50.690Z,PUMP-204,173.7,107.6,1.04,0
2025-12-14T21:52:50.690Z,PUMP-204,161,103.7,1.39,0
2025-12-14T21:53:50.690Z,PUMP-204,181.4,113.2,1.95,0
2025-12-14T21:54:50.690Z,PUMP-204,165.2,118.5,1.4,0
2025-12-14T21:55:50.690Z,PUMP-204,162.9,116.7,1.32,0
2025-12-14T21:56:50.690Z,PUMP-204,154.8,116.3,1.44,0
2025-12-14T21:57:50.690Z,PUMP-204,179,119.2,2.29,0
2025-12-14T21:58:50.690Z,PUMP-204,179.8,114.7,1.46,0
2025-12-14T21:59:50.690Z,PUMP-204,162.8,108.1,1.91,0
2025-12-14T22:00:50.690Z,PUMP-204,175.9,101,1.2,0
2025-12-14T22:01:50.690Z,PUMP-204,175.1,122,1.08,0
2025-12-14T22:02:50.690Z,PUMP-204,178.4,107.3,1.1,0
2025-12-14T22:03:50.690Z,PUMP-204,174.5,103.3,0.97,0
2025-12-14T22:04:50.690Z,PUMP-204,153.3,107.6,1.91,0
2025-12-14T22:05:50.690Z,PUMP-204,183.3,116.3,1.53,0
2025-12-14T22:06:50.690Z,PUMP-204,180.9,118.5,2.14,0
2025-12-14T22:07:50.690Z,PUMP-204,171.7,110,1.14,0
2025-12-14T22:08:50.690Z,PUMP-204,173.7,112.9,1.76,0
2025-12-14T22:09:50.690Z,PUMP-204,161.9,93.8,2.02,0
2025-12-14T22:10:50.690Z,PUMP-204,171.5,97.8,1.12,0
2025-12-14T22:11:50.690Z,PUMP-204,177.9,112.6,1.51,0
2025-12-14T22:12:50.690Z,PUMP-204,165.2,101.4,1.74,0
2025-12-14T22:13:50.690Z,PUMP-204,178.7,111.8,1.07,0
2025-12-14T22:14:50.690Z,PUMP-204,164,111.5,1.61,0
2025-12-14T22:15:50.690Z,PUMP-204,167.3,111.1,1.22,0
2025-12-14T22:16:50.690Z,PUMP-204,169.8,100.6,1.57,0
2025-12-14T22:17:50.690Z,PUMP-204,177.7,96.3,1.27,0
2025-12-14T22:18:50.690Z,PUMP-204,173,103.7,1.33,0
2025-12-14T22:19:50.690Z,PUMP-204,171.1,117.9,1.26,0
2025-12-14T22:20:50.690Z,PUMP-204,174.2,109.1,1.69,0
2025-12-14T22:21:50.690Z,PUMP-204,159.5,105.4,1.74,0
2025-12-14T22:22:50.690Z,PUMP-204,173,119.8,1.46,0
2025-12-14T22:23:50.690Z,PUMP-204,169.1,101.1,1.97,0
2025-12-14T22:24:50.690Z,PUMP-204,177.9,107.2,1.03,0
2025-12-14T22:25:50.690Z,PUMP-204,191.8,120.7,1.11,0
2025-12-14T22:26:50.690Z,PUMP-204,183.4,115.7,1.71,0
2025-12-14T22:27:50.690Z,PUMP-204,166.8,111.6,1.69,0
2025-12-14T22:28:50.690Z,PUMP-204,175,113.7,1.17,0
2025-12-14T22:29:50.690Z,PUMP-204,163.6,115.7,1.14,0
2025-12-14T22:30:50.690Z,PUMP-204,162.8,116,1.63,0
2025-12-14T22:31:50.690Z,PUMP-204,159.3,96.6,1.51,0
2025-12-14T22:32:50.690Z,PUMP-204,171.3,103.3,2.19,0
2025-12-14T22:33:50.690Z,PUMP-204,158,116,1.62,0
2025-12-14T22:34:50.690Z,PUMP-204,178.7,118.4,1.63,0
2025-12-14T22:35:50.690Z,PUMP-204,169.2,112.3,1.56,0
2025-12-14T22:36:50.690Z,PUMP-204,151.8,105.9,1.65,0
2025-12-14T22:37:50.690Z,PUMP-204,149.8,110,1.53,0
2025-12-14T22:38:50.690Z,PUMP-204,151.4,119.9,2.16,0
2025-12-14T22:39:50.690Z,PUMP-204,166.7,107.2,1,0
2025-12-14T22:40:50.690Z,PUMP-204,175.1,107.4,2.49,0
2025-12-14T22:41:50.690Z,PUMP-204,174.2,119.3,1.96,0
2025-12-14T22:42:50.690Z,PUMP-204,181,121.6,1.31,0
2025-12-14T22:43:50.690Z,PUMP-204,166.6,117.6,1.32,0
2025-12-14T22:44:50.690Z,PUMP-204,162.2,125.8,2.03,0
2025-12-14T22:45:50.690Z,PUMP-204,160.7,112.9,1.71,0
2025-12-14T22:46:50.690Z,PUMP-204,180.1,111.7,1.83,0
2025-12-14T22:47:50.690Z,PUMP-204,192.9,101.6,1.34,0
2025-12-14T22:48:50.690Z,PUMP-204,165.3,106.5,2.03,0
2025-12-14T22:49:50.690Z,PUMP-204,169.4,100.5,0.81,0
2025-12-14T22:50:50.690Z,PUMP-204,176.5,104.3,1.48,0
2025-12-14T22:51:50.690Z,PUMP-204,168.6,100.3,1.72,0
2025-12-14T22:52:50.690Z,PUMP-204,158.7,110.8,1.54,0
2025-12-14T22:53:50.690Z,PUMP-204,175.8,104.8,1.65,0
2025-12-14T22:54:50.690Z,PUMP-204,176.7,103.5,1.87,0
2025-12-14T22:55:50.690Z,PUMP-204,170.6,117,1.66,0
2025-12-14T22:56:50.690Z,PUMP-204,155.5,119.5,2.01,0
2025-12-14T22:57:50.690Z,PUMP-204,193,102.5,1.52,0
2025-12-14T22:58:50.690Z,PUMP-204,172.9,100.1,1.82,0
2025-12-14T22:59:50.690Z,PUMP-204,165.6,102.4,1.55,0
2025-12-14T23:00:50.690Z,PUMP-204,169.9,106.3,1.42,0
2025-12-14T23:01:50.690Z,PUMP-204,164.2,120.4,1.69,0
2025-12-14T23:02:50.690Z,PUMP-204,191.2,107.9,1.32,0
2025-12-14T23:03:50.690Z,PUMP-204,162.2,116.5,1.46,0
2025-12-14T23:04:50.690Z,PUMP-204,180.2,98.6,1.07,0
2025-12-14T23:05:50.690Z,PUMP-204,165.5,108.9,0.57,0
2025-12-14T23:06:50.690Z,PUMP-204,173.2,105.7,1.4,0
2025-12-14T23:07:50.690Z,PUMP-204,178.1,121.1,1.17,0
2025-12-14T23:08:50.690Z,PUMP-204,173.1,111.5,0.8,0
2025-12-14T23:09:50.690Z,PUMP-204,188.7,108.1,1.56,0
2025-12-14T23:10:50.690Z,PUMP-204,168.8,114.7,1.34,0
2025-12-14T23:11:50.690Z,PUMP-204,143.1,101.2,1.88,0
2025-12-14T23:12:50.690Z,PUMP-204,176.4,92.8,1.17,0
2025-12-14T23:13:50.690Z,PUMP-204,174.3,115.6,1.76,0
2025-12-14T23:14:50.690Z,PUMP-204,175.5,117.6,1.97,0
2025-12-14T23:15:50.690Z,PUMP-204,182.4,119.3,2.27,0
2025-12-14T23:16:50.690Z,PUMP-204,174.8,122.4,1.97,0
2025-12-14T23:17:50.690Z,PUMP-204,178.3,117.5,1.15,0
2025-12-14T23:18:50.690Z,PUMP-204,170.7,99.2,1.41,0
2025-12-14T23:19:50.690Z,PUMP-204,191,102.9,1.13,0
2025-12-14T23:20:50.690Z,PUMP-204,170.3,110.3,0.72,0
2025-12-14T23:21:50.690Z,PUMP-204,186.6,101.3,1.94,0
2025-12-14T23:22:50.690Z,PUMP-204,151.1,114.7,1.52,0
2025-12-14T23:23:50.690Z,PUMP-204,171.1,123.3,1.31,0
2025-12-14T23:24:50.690Z,PUMP-204,168.8,114.6,1.17,0
2025-12-14T23:25:50.690Z,PUMP-204,168.3,105,1.63,0
2025-12-14T23:26:50.690Z,PUMP-204,182.2,105.9,1.62,0
2025-12-14T23:27:50.690Z,PUMP-204,166.2,104.9,1.43,0
2025-12-14T23:28:50.690Z,PUMP-204,175.6,111,1.36,0
2025-12-14T23:29:50.690Z,PUMP-204,172,109.9,0.55,0
2025-12-14T23:30:50.690Z,PUMP-204,177.8,107.1,1.4,0
2025-12-14T23:31:50.690Z,PUMP-204,168.3,108.3,1.25,0
2025-12-14T23:32:50.690Z,PUMP-204,177.3,110.3,1.57,0
2025-12-14T23:33:50.690Z,PUMP-204,171.9,90.4,0.82,0
2025-12-14T23:34:50.690Z,PUMP-204,165.2,114,1.46,0
2025-12-14T23:35:50.690Z,PUMP-204,177.7,111.8,0.92,0
2025-12-14T23:36:50.690Z,PUMP-204,172.7,86.9,0.97,0
2025-12-14T23:37:50.690Z,PUMP-204,184.8,112.8,0.9,0
2025-12-14T23:38:50.690Z,PUMP-204,167.2,119.7,0.94,0
2025-12-14T23:39:50.690Z,PUMP-204,164.2,105.7,0.84,0
2025-12-14T23:40:50.690Z,PUMP-204,181.9,97.6,1.58,0
2025-12-14T23:41:50.690Z,PUMP-204,173.2,119.7,2.27,0
2025-12-14T23:42:50.690Z,PUMP-204,180,112.4,2,0
2025-12-14T23:43:50.690Z,PUMP-204,165.9,115.8,0.8,0
2025-12-14T23:44:50.690Z,PUMP-204,169.7,109.2,2.56,0
2025-12-14T23:45:50.690Z,PUMP-204,173.3,106.8,1.74,0
2025-12-14T23:46:50.690Z,PUMP-204,153.8,112.6,1.5,0
2025-12-14T23:47:50.690Z,PUMP-204,174.1,103.3,1.44,0
2025-12-14T23:48:50.690Z,PUMP-204,165.3,99,1.57,0
2025-12-14T23:49:50.690Z,PUMP-204,171.1,122,1.59,0
2025-12-14T23:50:50.690Z,PUMP-204,160.8,111.1,1.78,0
2025-12-14T23:51:50.690Z,PUMP-204,178.1,115,1.11,0
2025-12-14T23:52:50.690Z,PUMP-204,156.4,114.4,1.38,0
2025-12-14T23:53:50.690Z,PUMP-204,151.5,109.1,2.24,0
2025-12-14T23:54:50.690Z,PUMP-204,173.6,110.6,0.61,0
2025-12-14T23:55:50.690Z,PUMP-204,166.8,113.5,1.41,0
2025-12-14T23:56:50.690Z,PUMP-204,176.6,115.9,1.03,0
2025-12-14T23:57:50.690Z,PUMP-204,173.3,108.1,1.79,0
2025-12-14T23:58:50.690Z,PUMP-204,174.7,104.7,1.32,0
2025-12-14T23:59:50.690Z,PUMP-204,184.8,121.1,1.88,0
2025-12-15T00:00:50.690Z,PUMP-204,171.4,111.5,1.09,0
2025-12-15T00:01:50.690Z,PUMP-204,170.1,110.3,1.5,0
2025-12-15T00:02:50.690Z,PUMP-204,171.4,109.9,1.42,0
2025-12-15T00:03:50.690Z,PUMP-204,174,109.2,1.42,0
2025-12-15T00:04:50.690Z,PUMP-204,181.4,105.3,1.13,0
2025-12-15T00:05:50.690Z,PUMP-204,165.4,133.2,1.17,0
2025-12-15T00:06:50.690Z,PUMP-204,168.9,102.8,1.2,0
2025-12-15T00:07:50.690Z,PUMP-204,154.9,105.2,0.81,0
2025-12-15T00:08:50.690Z,PUMP-204,177.5,115.4,1.41,0
2025-12-15T00:09:50.690Z,PUMP-204,164.7,115.6,1.25,0
2025-12-15T00:10:50.690Z,PUMP-204,171.4,124.7,1.97,0
2025-12-15T00:11:50.690Z,PUMP-204,164,122.8,1.75,0
2025-12-15T00:12:50.690Z,PUMP-204,157.5,117.2,2.32,0
2025-12-15T00:13:50.690Z,PUMP-204,169.2,116.1,0.91,0
2025-12-15T00:14:50.690Z,PUMP-204,163.8,115.3,1.33,0
2025-12-15T00:15:50.690Z,PUMP-204,177.7,113.5,1,0
2025-12-15T00:16:50.690Z,PUMP-204,176.3,112.4,1.94,0
2025-12-15T00:17:50.690Z,PUMP-204,162.2,103.6,1.64,0
2025-12-15T00:18:50.690Z,PUMP-204,167.5,104.5,0.76,0
2025-12-15T00:19:50.690Z,PUMP-204,178.4,116.7,2.21,0
2025-12-15T00:20:50.690Z,PUMP-204,157.7,102.9,1.13,0
2025-12-15T00:21:50.690Z,PUMP-204,159.9,117.2,2,0
2025-12-15T00:22:50.690Z,PUMP-204,178.2,104.3,2.13,0
2025-12-15T00:23:50.690Z,PUMP-204,154.3,112.3,1.6,0
2025-12-15T00:24:50.690Z,PUMP-204,181.2,97.7,1.4,0
2025-12-15T00:25:50.690Z,PUMP-204,170.3,115.3,1.49,0
2025-12-15T00:26:50.690Z,PUMP-204,189,116.9,0.59,0
2025-12-15T00:27:50.690Z,PUMP-204,173,100.7,1.01,0
2025-12-15T00:28:50.690Z,PUMP-204,162.1,106.4,1.07,0
2025-12-15T00:29:50.690Z,PUMP-204,172.5,100.2,1.03,0
2025-12-15T00:30:50.690Z,PUMP-204,184.7,106.4,1.56,0
2025-12-15T00:31:50.690Z,PUMP-204,183.4,109.5,1.22,0
2025-12-15T00:32:50.690Z,PUMP-204,157.8,117.6,2.07,0
2025-12-15T00:33:50.690Z,PUMP-204,161.9,119.7,1.32,0
2025-12-15T00:34:50.690Z,PUMP-204,166.4,104.8,1.05,0
2025-12-15T00:35:50.690Z,PUMP-204,188.7,109.3,1.44,0
2025-12-15T00:36:50.690Z,PUMP-204,171.4,108.3,1.63,0
2025-12-15T00:37:50.690Z,PUMP-204,187.4,107.9,1.11,0
2025-12-15T00:38:50.690Z,PUMP-204,176.9,118.6,1.37,0
2025-12-15T00:39:50.690Z,PUMP-204,167.2,118.7,2.04,0
2025-12-15T00:40:50.690Z,PUMP-204,157.8,111.2,2.34,0
2025-12-15T00:41:50.690Z,PUMP-204,143.1,105.1,1.23,0
2025-12-15T00:42:50.690Z,PUMP-204,163.7,100.2,2.22,0
2025-12-15T00:43:50.690Z,PUMP-204,159.2,117,0.86,0
2025-12-15T00:44:50.690Z,PUMP-204,169.5,120.6,1.57,0
2025-12-15T00:45:50.690Z,PUMP-204,171,117.8,1.92,0
2025-12-15T00:46:50.690Z,PUMP-204,174.4,94,3.05,1
2025-12-15T00:47:50.690Z,PUMP-204,165.6,102.7,3.23,1
2025-12-15T00:48:50.690Z,PUMP-204,160.8,117.5,2.39,1
2025-12-15T00:49:50.690Z,PUMP-204,183.8,100.6,1.73,1
2025-12-15T00:50:50.690Z,PUMP-204,169.3,98.8,2.92,1
2025-12-15T00:51:50.690Z,PUMP-204,186.7,92.6,2.08,1
2025-12-15T00:52:50.690Z,PUMP-204,173.8,87.7,2.98,1
2025-12-15T00:53:50.690Z,PUMP-204,153.2,100.7,3.31,1
2025-12-15T00:54:50.690Z,PUMP-204,168,112.6,2.95,1
2025-12-15T00:55:50.690Z,PUMP-204,176,106.4,1.9,1
2025-12-15T00:56:50.690Z,PUMP-204,185.4,106.8,2.28,1
2025-12-15T00:57:50.690Z,PUMP-204,173.2,108,3.14,1
2025-12-15T00:58:50.690Z,PUMP-204,171.8,111.7,2.12,1
2025-12-15T00:59:50.690Z,PUMP-204,183.5,97.7,3.78,1
2025-12-15T01:00:50.690Z,PUMP-204,186,98.7,2.43,1
2025-12-15T01:01:50.690Z,PUMP-204,186.9,91.1,3.87,1
2025-12-15T01:02:50.690Z,PUMP-204,181.5,99.3,2.52,1
2025-12-15T01:03:50.690Z,PUMP-204,184.4,91.7,3.4,1
2025-12-15T01:04:50.690Z,PUMP-204,167.6,92.1,3.2,1
2025-12-15T01:05:50.690Z,PUMP-204,175,102,3.8,1
2025-12-15T01:06:50.690Z,PUMP-204,191.6,95.1,3.51,1
2025-12-15T01:07:50.690Z,PUMP-204,178.8,107.4,3.15,1
2025-12-15T01:08:50.690Z,PUMP-204,168,106.3,1.57,1
2025-12-15T01:09:50.690Z,PUMP-204,183.8,101.4,4.04,1
2025-12-15T01:10:50.690Z,PUMP-204,196.6,92.3,3.18,1
2025-12-15T01:11:50.690Z,PUMP-204,168.5,101.3,2.86,1
2025-12-15T01:12:50.690Z,PUMP-204,165.9,87.5,3.77,1
2025-12-15T01:13:50.690Z,PUMP-204,182.4,95.8,4.11,1
2025-12-15T01:14:50.690Z,PUMP-204,183.7,100.1,4.03,1
2025-12-15T01:15:50.690Z,PUMP-204,171.7,101.4,3.11,1
2025-12-15T01:16:50.690Z,PUMP-204,181.1,117,3.98,1
2025-12-15T01:17:50.690Z,PUMP-204,195.3,92.6,4.1,1
2025-12-15T01:18:50.690Z,PUMP-204,194.1,94.3,3.53,1
2025-12-15T01:19:50.690Z,PUMP-204,203.7,93.6,2.69,1
2025-12-15T01:20:50.690Z,PUMP-204,193.7,103.3,3.37,1
2025-12-15T01:21:50.690Z,PUMP-204,187.1,106,2.34,1
2025-12-15T01:22:50.690Z,PUMP-204,191.5,109.1,2.99,1
2025-12-15T01:23:50.690Z,PUMP-204,202.5,108,2.74,1
2025-12-15T01:24:50.690Z,PUMP-204,191.3,107.1,3.44,1
2025-12-15T01:25:50.690Z,PUMP-204,183.6,92.7,3.91,1
2025-12-15T01:26:50.690Z,PUMP-204,198.5,87.4,3.18,1
2025-12-15T01:27:50.690Z,PUMP-204,184.7,102.6,3.62,1
2025-12-15T01:28:50.690Z,PUMP-204,188.6,106.6,2.31,1
2025-12-15T01:29:50.690Z,PUMP-204,192.6,99.6,4.03,1
2025-12-15T01:30:50.690Z,PUMP-204,197.6,90.3,4.41,1
2025-12-15T01:31:50.690Z,PUMP-204,206.1,120.2,3.67,1
2025-12-15T01:32:50.690Z,PUMP-204,177.5,92,3.21,1
2025-12-15T01:33:50.690Z,PUMP-204,187.9,102.6,2.77,1
2025-12-15T01:34:50.690Z,PUMP-204,196.9,94.3,4.25,1
2025-12-15T01:35:50.690Z,PUMP-204,191.7,96.2,4.69,1
2025-12-15T01:36:50.690Z,PUMP-204,191.6,110.7,5.15,1
2025-12-15T01:37:50.690Z,PUMP-204,180.9,90.5,3.2,1
2025-12-15T01:38:50.690Z,PUMP-204,182.8,105,3.75,1
2025-12-15T01:39:50.690Z,PUMP-204,172,82.9,3.97,1
2025-12-15T01:40:50.690Z,PUMP-204,187.2,110.8,3.99,1
2025-12-15T01:41:50.690Z,PUMP-204,178,90,4.37,1
2025-12-15T01:42:50.690Z,PUMP-204,176.7,98.7,4.43,1
2025-12-15T01:43:50.690Z,PUMP-204,194,71.3,4.94,1
2025-12-15T01:44:50.690Z,PUMP-204,206.5,104.7,4.92,1
2025-12-15T01:45:50.690Z,PUMP-204,174.9,81.4,4.8,1
2025-12-15T01:46:50.690Z,PUMP-204,191.6,101.5,3.8,1
2025-12-15T01:47:50.690Z,PUMP-204,181.3,103,4.84,1
2025-12-15T01:48:50.690Z,PUMP-204,182.2,94.2,4.51,1
2025-12-15T01:49:50.690Z,PUMP-204,197.6,100.7,4.85,1
2025-12-15T01:50:50.690Z,PUMP-204,185.2,96,4.44,1
2025-12-15T01:51:50.690Z,PUMP-204,184.2,99.2,4.76,1
2025-12-15T01:52:50.690Z,PUMP-204,185.6,98.3,5.21,1
2025-12-15T01:53:50.690Z,PUMP-204,188.9,103.9,4.8,1
2025-12-15T01:54:50.690Z,PUMP-204,202.4,101.4,4.44,1
2025-12-15T01:55:50.690Z,PUMP-204,197.4,88.1,3.81,1
2025-12-15T01:56:50.690Z,PUMP-204,189.9,100.5,5.57,1
2025-12-15T01:57:50.690Z,PUMP-204,185.5,92.1,5.85,1
2025-12-15T01:58:50.690Z,PUMP-204,191.9,98.1,4.85,1
2025-12-15T01:59:50.690Z,PUMP-204,181.6,81,4.76,1
2025-12-15T02:00:50.690Z,PUMP-204,210.3,83.9,5.35,1
2025-12-15T02:01:50.690Z,PUMP-204,207,89.2,5.64,1
2025-12-15T02:02:50.690Z,PUMP-204,198,77.4,3.23,1
2025-12-15T02:03:50.690Z,PUMP-204,197.9,77.5,5.39,1
2025-12-15T02:04:50.690Z,PUMP-204,204.2,87.3,4.51,1
2025-12-15T02:05:50.690Z,PUMP-204,206.7,91.8,4.88,1
2025-12-15T02:06:50.690Z,PUMP-204,195.1,97.3,5.91,1
2025-12-15T02:07:50.690Z,PUMP-204,190.4,88.5,4.4,1
2025-12-15T02:08:50.690Z,PUMP-204,199.4,96.7,6.06,1
2025-12-15T02:09:50.690Z,PUMP-204,206.4,86.6,5.51,1
2025-12-15T02:10:50.690Z,PUMP-204,176.1,108.4,3.72,1
2025-12-15T02:11:50.690Z,PUMP-204,183,80.4,5.3,1
2025-12-15T02:12:50.690Z,PUMP-204,210.3,94.3,4.08,1
2025-12-15T02:13:50.690Z,PUMP-204,194.9,93.8,5.36,1
2025-12-15T02:14:50.690Z,PUMP-204,188.4,68.9,5.11,1
2025-12-15T02:15:50.690Z,PUMP-204,188.9,100.2,5.23,1
2025-12-15T02:16:50.690Z,PUMP-204,190.1,95.3,4.32,1
2025-12-15T02:17:50.690Z,PUMP-204,182.2,92.6,4.94,1
2025-12-15T02:18:50.690Z,PUMP-204,190.5,80.9,5.8,1
2025-12-15T02:19:50.690Z,PUMP-204,190.6,85.3,4.79,1
2025-12-15T02:20:50.690Z,PUMP-204,198.1,95.1,4.56,1
2025-12-15T02:21:50.690Z,PUMP-204,188.5,86.4,5.07,1
2025-12-15T02:22:50.690Z,PUMP-204,209.4,88,4.46,1
2025-12-15T02:23:50.690Z,PUMP-204,190.2,91.6,5.29,1
2025-12-15T02:24:50.690Z,PUMP-204,207,95.3,5.69,1
2025-12-15T02:25:50.690Z,PUMP-204,191.4,84.9,5.05,1